{"name":"Event sheet 1","events":[{"eventType":"variable","name":"cash","type":"number","initialValue":"500","comment":"","isStatic":false,"isConstant":false,"sid":141656523560560},{"eventType":"block","conditions":[{"id":"on-key-pressed","objectClass":"Keyboard","sid":424364704327017,"parameters":{"key":69}},{"id":"is-overlapping-another-object","objectClass":"player","sid":187919531319455,"parameters":{"object":"shop1_floor"}}],"actions":[{"id":"set-layer-visible","objectClass":"System","sid":419914599623070,"parameters":{"layer":"1","visibility":"visible"}},{"id":"set-time-scale","objectClass":"System","sid":528288436391919,"parameters":{"time-scale":"0"}}],"sid":267424878816636},{"eventType":"block","conditions":[{"id":"on-clicked","objectClass":"Button","sid":131573376434648}],"actions":[{"id":"set-layer-visible","objectClass":"System","sid":452399314803276,"parameters":{"layer":"1","visibility":"invisible"}},{"id":"set-time-scale","objectClass":"System","sid":270917065014122,"parameters":{"time-scale":"1"}}],"sid":977365440291060},{"eventType":"block","conditions":[{"id":"is-visible","objectClass":"shopmenu","sid":463867788530116}],"actions":[],"sid":136484058647074,"children":[{"eventType":"block","conditions":[{"id":"on-object-clicked","objectClass":"Mouse","sid":685058583729464,"parameters":{"mouse-button":"left","click-type":"clicked","object-clicked":"icon_brukky"}}],"actions":[{"id":"set-boolean-instvar","objectClass":"icon_brukky","sid":988962870592269,"parameters":{"instance-variable":"selected","value":"true"}},{"id":"set-boolean-instvar","objectClass":"icon_pistol66","sid":891613250755408,"parameters":{"instance-variable":"selected","value":"false"}}],"sid":238191053495275},{"eventType":"block","conditions":[{"id":"on-object-clicked","objectClass":"Mouse","sid":151861641052792,"parameters":{"mouse-button":"left","click-type":"clicked","object-clicked":"icon_pistol66"}}],"actions":[{"id":"set-boolean-instvar","objectClass":"icon_pistol66","sid":517698970810223,"parameters":{"instance-variable":"selected","value":"true"}},{"id":"set-boolean-instvar","objectClass":"icon_brukky","sid":888288734075982,"parameters":{"instance-variable":"selected","value":"false"}}],"sid":377568635564484}]},{"eventType":"block","conditions":[{"id":"is-boolean-instance-variable-set","objectClass":"icon_pistol66","sid":819004559470569,"parameters":{"instance-variable":"selected"}}],"actions":[{"id":"set-opacity","objectClass":"icon_pistol66","sid":744642913958232,"parameters":{"opacity":"80"}},{"id":"set-boolean-instvar","objectClass":"icon_brukky","sid":350121426349467,"parameters":{"instance-variable":"selected","value":"false"}}],"sid":548815913198501,"children":[{"eventType":"block","conditions":[{"id":"on-clicked","objectClass":"buy","sid":477746318242612},{"id":"compare-eventvar","objectClass":"System","sid":184961288928581,"parameters":{"variable":"cash","comparison":5,"value":"icon_pistol66.price"}}],"actions":[{"id":"subtract-from-eventvar","objectClass":"System","sid":676165272422420,"parameters":{"variable":"cash","value":"icon_pistol66.price"}}],"sid":752604675643149}]},{"eventType":"block","conditions":[{"id":"is-boolean-instance-variable-set","objectClass":"icon_brukky","sid":984078026367700,"parameters":{"instance-variable":"selected"}}],"actions":[{"id":"set-opacity","objectClass":"icon_brukky","sid":230335010619699,"parameters":{"opacity":"80"}},{"id":"set-boolean-instvar","objectClass":"icon_brukky","sid":613829810596884,"parameters":{"instance-variable":"selected","value":"true"}}],"sid":734040874050264,"children":[{"eventType":"block","conditions":[{"id":"on-clicked","objectClass":"buy","sid":943724561344830},{"id":"compare-eventvar","objectClass":"System","sid":292825255873988,"parameters":{"variable":"cash","comparison":5,"value":"icon_brukky.price"}}],"actions":[{"id":"subtract-from-eventvar","objectClass":"System","sid":967138407521608,"parameters":{"variable":"cash","value":"icon_brukky.price"}}],"sid":334833201766319}]},{"eventType":"block","conditions":[{"id":"is-boolean-instance-variable-set","objectClass":"icon_brukky","sid":983850811786660,"parameters":{"instance-variable":"selected"},"isInverted":true}],"actions":[{"id":"set-opacity","objectClass":"icon_brukky","sid":532054793526481,"parameters":{"opacity":"100"}}],"sid":502638823195181},{"eventType":"block","conditions":[{"id":"is-boolean-instance-variable-set","objectClass":"icon_pistol66","sid":190183621615768,"parameters":{"instance-variable":"selected"},"isInverted":true}],"actions":[{"id":"set-opacity","objectClass":"icon_pistol66","sid":203384405443333,"parameters":{"opacity":"100"}}],"sid":154164574347713},{"eventType":"block","conditions":[{"id":"layer-is-visible","objectClass":"System","sid":743866718783544,"parameters":{"layer":"1"},"isInverted":true}],"actions":[{"id":"set-boolean-instvar","objectClass":"icon_pistol66","sid":760487147880511,"parameters":{"instance-variable":"selected","value":"false"}},{"id":"set-boolean-instvar","objectClass":"icon_brukky","sid":691310156199762,"parameters":{"instance-variable":"selected","value":"false"}}],"sid":492849923893515}],"sid":962283385704208}