{"name":"Layout 1","layers":[{"name":"Layer 0","overriden":0,"instances":[{"type":"shop1_walls","properties":{"initially-visible":true,"initial-animation":"Animation 1","initial-frame":0,"enable-collisions":true,"live-preview":false},"uid":1,"instanceVariables":{},"behaviors":{},"world":{"x":1056,"y":128,"width":384,"height":32,"originX":0,"originY":1,"color":[1,1,1,1],"angle":0}},{"type":"shop1_walls","properties":{"initially-visible":true,"initial-animation":"Animation 1","initial-frame":0,"enable-collisions":true,"live-preview":false},"uid":2,"instanceVariables":{},"behaviors":{},"world":{"x":1056,"y":416,"width":384,"height":32,"originX":0,"originY":1,"color":[1,1,1,1],"angle":0}},{"type":"shop1_walls","properties":{"initially-visible":true,"initial-animation":"Animation 1","initial-frame":0,"enable-collisions":true,"live-preview":false},"uid":3,"instanceVariables":{},"behaviors":{},"world":{"x":1472,"y":416,"width":320,"height":32,"originX":0,"originY":1,"color":[1,1,1,1],"angle":4.71238898038469}},{"type":"shop1_walls","properties":{"initially-visible":true,"initial-animation":"Animation 1","initial-frame":0,"enable-collisions":true,"live-preview":false},"uid":4,"instanceVariables":{},"behaviors":{},"world":{"x":1056,"y":416,"width":128,"height":32,"originX":0,"originY":1,"color":[1,1,1,1],"angle":4.71238898038469}},{"type":"shop1_walls","properties":{"initially-visible":true,"initial-animation":"Animation 1","initial-frame":0,"enable-collisions":true,"live-preview":false},"uid":5,"instanceVariables":{},"behaviors":{},"world":{"x":1056,"y":224,"width":128,"height":32,"originX":0,"originY":1,"color":[1,1,1,1],"angle":4.71238898038469}},{"type":"shop1_floor","properties":{"initially-visible":true,"initial-animation":"Animation 1","initial-frame":0,"enable-collisions":true,"live-preview":false},"uid":6,"instanceVariables":{},"behaviors":{},"world":{"x":1056,"y":384,"width":384,"height":256,"originX":0,"originY":1,"color":[1,1,1,1],"angle":0}},{"type":"player","properties":{"initially-visible":true,"initial-animation":"Animation 1","initial-frame":0,"enable-collisions":true,"live-preview":false},"uid":9,"instanceVariables":{},"behaviors":{"8Direction":{"properties":{"max-speed":200,"acceleration":600,"deceleration":500,"directions":"dir-4","set-angle":"no","default-controls":true,"enabled":true}},"ScrollTo":{"properties":{"enabled":true}}},"world":{"x":704,"y":256,"width":32,"height":32,"originX":0,"originY":1,"color":[1,1,1,1],"angle":0}},{"type":"Sprite","properties":{"initially-visible":true,"initial-animation":"Animation 1","initial-frame":0,"enable-collisions":true,"live-preview":false},"uid":7,"instanceVariables":{},"behaviors":{},"world":{"x":1344,"y":320,"width":32,"height":128,"originX":0,"originY":1,"color":[1,1,1,1],"angle":0}}],"sid":720512929385502,"effectTypes":[],"isInitiallyVisible":true,"color":[1,1,1,1],"backgroundColor":[1,1,1,1],"isTransparent":false,"parallaxX":1,"parallaxY":1,"scaleRate":1,"forceOwnTexture":false,"useRenderCells":false,"blendMode":"normal"},{"name":"shopMenu","overriden":0,"instances":[{"type":"shopmenu","properties":{"initially-visible":true,"initial-animation":"Animation 1","initial-frame":0,"enable-collisions":true,"live-preview":false},"uid":8,"instanceVariables":{},"behaviors":{},"world":{"x":1248,"y":256,"width":416,"height":416,"originX":0.5,"originY":0.5,"color":[1,1,1,1],"angle":0}},{"type":"Button","properties":{"type":"button","text":"OK","tooltip":"","initially-visible":true,"enabled":true,"auto-font-size":true,"checked":false,"id":""},"uid":11,"instanceVariables":{},"behaviors":{},"world":{"x":1376.7289999942063,"y":51.607000098490715,"width":72,"height":24,"originX":0,"originY":0,"color":[1,1,1,1]}},{"type":"icon_pistol66","properties":{"initially-visible":true,"initial-animation":"Animation 1","initial-frame":0,"enable-collisions":true,"live-preview":false},"uid":12,"instanceVariables":{"price":150,"selected":false},"behaviors":{},"world":{"x":1088,"y":160,"width":64,"height":64,"originX":0,"originY":1,"color":[1,1,1,1],"angle":0}},{"type":"icon_brukky","properties":{"initially-visible":true,"initial-animation":"Animation 1","initial-frame":0,"enable-collisions":true,"live-preview":false},"uid":13,"instanceVariables":{"price":300,"selected":false},"behaviors":{},"world":{"x":1216,"y":160,"width":64,"height":64,"originX":0,"originY":1,"color":[1,1,1,1],"angle":0}},{"type":"buy","properties":{"type":"button","text":"OK","tooltip":"","initially-visible":true,"enabled":true,"auto-font-size":true,"checked":false,"id":""},"uid":14,"instanceVariables":{},"behaviors":{},"world":{"x":1375.2710000057934,"y":431.308999878335,"width":72,"height":24,"originX":0,"originY":0,"color":[1,1,1,1]}}],"sid":594325059739768,"effectTypes":[],"isInitiallyVisible":false,"color":[1,1,1,1],"backgroundColor":[1,1,1,1],"isTransparent":true,"parallaxX":1,"parallaxY":1,"scaleRate":1,"forceOwnTexture":false,"useRenderCells":false,"blendMode":"normal"}],"sid":865026920823960,"nonworld-instances":[],"effectTypes":[],"width":1708,"height":960,"unboundedScrolling":false,"eventSheet":"Event sheet 1"}