{"name":"icon_brukky","plugin-id":"Sprite","sid":723526880688665,"isGlobal":false,"instanceVariables":[{"name":"price","type":"number","desc":"","sid":962497295069426},{"name":"selected","type":"boolean","desc":"","sid":978786943270714}],"behaviorTypes":[],"effectTypes":[],"animations":{"items":[{"frames":[{"width":250,"height":250,"originX":0,"originY":1,"originalSource":"","exportFormat":"png","exportQuality":0.8,"imageSpriteId":18,"duration":1}],"sid":824685874640884,"name":"Animation 1","isLooping":false,"isPingPong":false,"repeatCount":1,"repeatTo":0,"speed":5}],"subfolders":[]}}