{"name":"icon_pistol66","plugin-id":"Sprite","sid":803370422636102,"isGlobal":false,"instanceVariables":[{"name":"price","type":"number","desc":"","sid":555255189431582},{"name":"selected","type":"boolean","desc":"","sid":835029421503105}],"behaviorTypes":[],"effectTypes":[],"animations":{"items":[{"frames":[{"width":250,"height":250,"originX":0,"originY":1,"originalSource":"","exportFormat":"png","exportQuality":0.8,"imageSpriteId":16,"duration":1}],"sid":683762793264057,"name":"Animation 1","isLooping":false,"isPingPong":false,"repeatCount":1,"repeatTo":0,"speed":5}],"subfolders":[]}}