{"name":"player","plugin-id":"Sprite","sid":751238537865801,"isGlobal":false,"instanceVariables":[],"behaviorTypes":[{"behaviorId":"EightDir","name":"8Direction","sid":661596071925300},{"behaviorId":"scrollto","name":"ScrollTo","sid":650655621680538}],"effectTypes":[],"animations":{"items":[{"frames":[{"width":250,"height":250,"originX":0,"originY":1,"originalSource":"","exportFormat":"png","exportQuality":0.8,"imageSpriteId":12,"duration":1}],"sid":756443239153263,"name":"Animation 1","isLooping":false,"isPingPong":false,"repeatCount":1,"repeatTo":0,"speed":5}],"subfolders":[]}}