{"name":"fence","plugin-id":"Sprite","sid":955183597405266,"isGlobal":false,"instanceVariables":[],"behaviorTypes":[],"effectTypes":[],"animations":{"items":[{"frames":[{"width":34,"height":29,"originX":0,"originY":1,"originalSource":"","exportFormat":"png","exportQuality":0.8,"imageSpriteId":11,"collisionPoly":{"points":[0.029411764705882353,0,0.9705882352941176,0,0.9705882352941176,0.9655172413793103,0.029411764705882353,0.9655172413793103]},"duration":1}],"sid":552773493369027,"name":"Animation 1","isLooping":false,"isPingPong":false,"repeatCount":1,"repeatTo":0,"speed":5}],"subfolders":[]}}