{"propertiesBar":{"properties":[{"name":"About","expanded":true,"children":[]},{"name":"Colors","expanded":true,"children":[]},{"name":"Startup","expanded":true,"children":[]},{"name":"Display","expanded":true,"children":[{"name":"Viewport size","expanded":false,"children":[]}]},{"name":"Advanced","expanded":false,"children":[]},{"name":"Editor","expanded":true,"children":[]}],"scrollPosition":0},"openTabs":{"active":{"name":"hubWorld","type":"layout"},"open":[{"name":"Layout 1","type":"layout"},{"name":"Event sheet 1","type":"eventSheet"},{"name":"mainLevel","type":"layout"},{"name":"hubWorld","type":"layout"}]},"previewEffects":true,"previewBrowser":"default","pauseOnUnfocus":false,"projectBar":{"name":"<root>","children":[{"name":"ProjectSnow","expanded":true,"children":[{"name":"Layouts","expanded":true,"children":[{"name":"Layout 1","expanded":true,"children":[]},{"name":"mainLevel","expanded":true,"children":[]},{"name":"hubWorld","expanded":true,"children":[]}]},{"name":"Event sheets","expanded":true,"children":[{"name":"Event sheet 1","expanded":true,"children":[]}]},{"name":"Object types","expanded":true,"children":[{"name":"levelDesign","expanded":true,"children":[{"name":"fence","expanded":true,"children":[]},{"name":"innerWall","expanded":true,"children":[]},{"name":"outerWall","expanded":true,"children":[]},{"name":"stairsUp","expanded":true,"children":[]}]},{"name":"Button","expanded":true,"children":[]},{"name":"buy","expanded":true,"children":[]},{"name":"Function","expanded":true,"children":[]},{"name":"icon_brukky","expanded":true,"children":[]},{"name":"icon_pistol66","expanded":true,"children":[]},{"name":"Keyboard","expanded":true,"children":[]},{"name":"Mouse","expanded":true,"children":[]},{"name":"player","expanded":true,"children":[]},{"name":"shop1_floor","expanded":true,"children":[]},{"name":"shop1_walls","expanded":true,"children":[]},{"name":"shopmenu","expanded":true,"children":[]},{"name":"Sprite","expanded":true,"children":[]}]},{"name":"Families","expanded":true,"children":[]},{"name":"Sounds","expanded":true,"children":[]},{"name":"Music","expanded":true,"children":[]},{"name":"Videos","expanded":true,"children":[]},{"name":"Fonts","expanded":true,"children":[]},{"name":"Icons","expanded":false,"children":[{"name":"icon-128.png","expanded":false,"children":[]},{"name":"icon-16.png","expanded":false,"children":[]},{"name":"icon-256.png","expanded":false,"children":[]},{"name":"icon-32.png","expanded":false,"children":[]},{"name":"icon-512.png","expanded":false,"children":[]},{"name":"icon-64.png","expanded":false,"children":[]},{"name":"loading-logo.png","expanded":false,"children":[]}]},{"name":"Files","expanded":true,"children":[]}]}]},"propertiesBarActiveObject":{"name":"hubWorld","type":"layout"}}